CustomerID,FirstName,LastName,Email,Phone,Address
21, John, Smith, john.smith@example.com, 555-1111, 123 Main St
22, Jane, Doe, jane.doe@example.com, 555-2222, 456 Elm St
23, Michael, Johnson, michael.johnson@example.com, 555-3333, 789 Maple Ave
24, Emily, Davis, emily.davis@example.com, 555-4444, 101 Oak St
25, David, Brown, david.brown@example.com, 555-5555, 202 Pine Rd
26, Sarah, Wilson, sarah.wilson@example.com, 555-6666, 303 Cedar Ln
27, James, Taylor, james.taylor@example.com, 555-7777, 404 Birch Blvd
28, Mary, Anderson, mary.anderson@example.com, 555-8888, 505 Walnut Dr
29, Robert, Thomas, robert.thomas@example.com, 555-9999, 606 Spruce St
30, Linda, Jackson, linda.jackson@example.com, 555-0001, 707 Fir Ct
31, Patricia, White, patricia.white@example.com, 555-0002, 808 Maple Ave
32, Jennifer, Harris, jennifer.harris@example.com, 555-0003, 909 Pine St
33, Charles, Martin, charles.martin@example.com, 555-0004, 1010 Cedar Ln
34, Joseph, Thompson, joseph.thompson@example.com, 555-0005, 1111 Birch Rd
35, Barbara, Garcia, barbara.garcia@example.com, 555-0006, 1212 Oak St
36, Susan, Martinez, susan.martinez@example.com, 555-0007, 1313 Walnut Dr
37, Thomas, Robinson, thomas.robinson@example.com, 555-0008, 1414 Spruce St
38, Lisa, Clark, lisa.clark@example.com, 555-0009, 1515 Fir Ct
39, Daniel, Rodriguez, daniel.rodriguez@example.com, 555-0010, 1616 Maple Ave
40, Karen, Lewis, karen.lewis@example.com, 555-0011, 1717 Pine St
41, Nancy, Lee, nancy.lee@example.com, 555-0012, 1818 Cedar Ln
42, Steven, Walker, steven.walker@example.com, 555-0013, 1919 Birch Blvd
43, Sarah, Hall, sarah.hall@example.com, 555-0014, 2020 Oak St
44, Edward, Allen, edward.allen@example.com, 555-0015, 2121 Walnut Dr
45, Angela, Young, angela.young@example.com, 555-0016, 2222 Spruce St
46, Joshua, King, joshua.king@example.com, 555-0017, 2323 Fir Ct
47, Michelle, Wright, michelle.wright@example.com, 555-0018, 2424 Maple Ave
48, Kevin, Scott, kevin.scott@example.com, 555-0019, 2525 Pine St
49, Emily, Green, emily.green@example.com, 555-0020, 2626 Cedar Ln
50, Jason, Adams, jason.adams@example.com, 555-0021, 2727 Birch Blvd
51, Elizabeth, Baker, elizabeth.baker@example.com, 555-0022, 2828 Oak St
52, Brian, Gonzalez, brian.gonzalez@example.com, 555-0023, 2929 Walnut Dr
53, Laura, Nelson, laura.nelson@example.com, 555-0024, 3030 Spruce St
54, Gary, Carter, gary.carter@example.com, 555-0025, 3131 Fir Ct
55, Kimberly, Mitchell, kimberly.mitchell@example.com, 555-0026, 3232 Maple Ave
56, Mark, Perez, mark.perez@example.com, 555-0027, 3333 Pine St
57, Ashley, Roberts, ashley.roberts@example.com, 555-0028, 3434 Cedar Ln
58, Steven, Turner, steven.turner@example.com, 555-0029, 3535 Birch Blvd
59, Ryan, Phillips, ryan.phillips@example.com, 555-0030, 3636 Oak St
60, Jessica, Campbell, jessica.campbell@example.com, 555-0031, 3737 Walnut Dr
61, Jonathan, Parker, jonathan.parker@example.com, 555-0032, 3838 Spruce St
62, Jennifer, Evans, jennifer.evans@example.com, 555-0033, 3939 Fir Ct
63, Sarah, Edwards, sarah.edwards@example.com, 555-0034, 4040 Maple Ave
64, Christopher, Collins, christopher.collins@example.com, 555-0035, 4141 Pine St
65, Susan, Stewart, susan.stewart@example.com, 555-0036, 4242 Cedar Ln
66, Timothy, Sanchez, timothy.sanchez@example.com, 555-0037, 4343 Birch Blvd
67, Michelle, Morris, michelle.morris@example.com, 555-0038, 4444 Oak St
68, Anthony, Rogers, anthony.rogers@example.com, 555-0039, 4545 Walnut Dr
69, Melissa, Reed, melissa.reed@example.com, 555-0040, 4646 Spruce St
70, Charles, Cook, charles.cook@example.com, 555-0041, 4747 Fir Ct
71, Stephanie, Morgan, stephanie.morgan@example.com, 555-0042, 4848 Maple Ave
72, Kenneth, Bell, kenneth.bell@example.com, 555-0043, 4949 Pine St
73, Nancy, Murphy, nancy.murphy@example.com, 555-0044, 5050 Cedar Ln
74, Ronald, Bailey, ronald.bailey@example.com, 555-0045, 5151 Birch Blvd
75, Sarah, Rivera, sarah.rivera@example.com, 555-0046, 5252 Oak St
76, Jacob, Cooper, jacob.cooper@example.com, 555-0047, 5353 Walnut Dr
77, Victoria, Reed, victoria.reed@example.com, 555-0048, 5454 Spruce St
78, Hannah, Howard, hannah.howard@example.com, 555-0049, 5555 Fir Ct
79, Joshua, Torres, joshua.torres@example.com, 555-0050, 5656 Maple Ave
80, Grace, Peterson, grace.peterson@example.com, 555-0051, 5757 Pine St
81, Amy, Powell, amy.powell@example.com, 555-0052, 5858 Cedar Ln
82, Daniel, Long, daniel.long@example.com, 555-0053, 5959 Birch Blvd
83, Kelsey, Sanders, kelsey.sanders@example.com, 555-0054, 6060 Oak St
84, Benjamin, Price, benjamin.price@example.com, 555-0055, 6161 Walnut Dr
85, Ariana, Hughes, ariana.hughes@example.com, 555-0056, 6262 Spruce St
86, Gregory, Flores, gregory.flores@example.com, 555-0057, 6363 Fir Ct
87, Sophia, Washington, sophia.washington@example.com, 555-0058, 6464 Maple Ave
88, Elijah, Butler, elijah.butler@example.com, 555-0059, 6565 Pine St
89, Grace, Simmons, grace.simmons@example.com, 555-0060, 6666 Cedar Ln
90, Wyatt, Foster, wyatt.foster@example.com, 555-0061, 6767 Birch Blvd
91, Natalie, Gonzalez, natalie.gonzalez@example.com, 555-0062, 6868 Oak St
92, Alex, Carter, alex.carter@example.com, 555-0063, 6969 Walnut Dr
93, Lucy, Diaz, lucy.diaz@example.com, 555-0064, 7070 Spruce St
94, Thomas, Reyes, thomas.reyes@example.com, 555-0065, 7171 Fir Ct
95, Sophia, Johnson, sophia.johnson@example.com, 555-0066, 7272 Maple Ave
96, Michael, Martinez, michael.martinez@example.com, 555-0067, 7373 Pine St
97, Logan, Rodriguez, logan.rodriguez@example.com, 555-0068, 7474 Cedar Ln
98, Ella, Brown, ella.brown@example.com, 555-0069, 7575 Birch Blvd
99, Olivia, Smith, olivia.smith@example.com, 555-0070, 7676 Oak St
100, Daniel, Lewis, daniel.lewis@example.com, 555-0071, 7777 Walnut Dr
101, Ava, Wilson, ava.wilson@example.com, 555-0072, 7878 Spruce St
102, Jacob, Young, jacob.young@example.com, 555-0073, 7979 Fir Ct
103, Mia, King, mia.king@example.com, 555-0074, 8080 Maple Ave
104, William, Allen, william.allen@example.com, 555-0075, 8181 Pine St
105, Amelia, Scott, amelia.scott@example.com, 555-0076, 8282 Cedar Ln
106, Ethan, Hall, ethan.hall@example.com, 555-0077, 8383 Birch Blvd
107, Charlotte, Green, charlotte.green@example.com, 555-0078, 8484 Oak St
108, Jackson, Harris, jackson.harris@example.com, 555-0079, 8585 Walnut Dr
109, Ella, Robinson, ella.robinson@example.com, 555-0080, 8686 Spruce St
110, Lucas, Martinez, lucas.martinez@example.com, 555-0081, 8787 Fir Ct
111, Grace, Hernandez, grace.hernandez@example.com, 555-0082, 8888 Maple Ave
112, Daniel, Torres, daniel.torres@example.com, 555-0083, 8989 Pine St
113, Samuel, Lee, samuel.lee@example.com, 555-0084, 9090 Cedar Ln
114, Zoe, Walker, zoe.walker@example.com, 555-0085, 9191 Birch Blvd
115, Aiden, Allen, aiden.allen@example.com, 555-0086, 9292 Oak St
116, Lillian, Robinson, lillian.robinson@example.com, 555-0087, 9393 Walnut Dr
117, David, Harris, david.harris@example.com, 555-0088, 9494 Spruce St
118, Isabella, Clark, isabella.clark@example.com, 555-0089, 9595 Fir Ct
119, Mason, Martinez, mason.martinez@example.com, 555-0090, 9696 Maple Ave
120, Alexander, Rodriguez, alexander.rodriguez@example.com, 555-0091, 9797 Pine St
121, Chloe, Davis, chloe.davis@example.com, 555-0092, 9898 Cedar Ln
122, Nathan, Edwards, nathan.edwards@example.com, 555-0093, 9999 Birch Blvd
123, Mia, White, mia.white@example.com, 555-0094, 10000 Oak St
124, Charlotte, Walker, charlotte.walker@example.com, 555-0095, 10101 Walnut Dr
125, Ryan, Young, ryan.young@example.com, 555-0096, 10202 Spruce St
126, Elijah, Scott, elijah.scott@example.com, 555-0097, 10303 Fir Ct
127, Avery, King, avery.king@example.com, 555-0098, 10404 Maple Ave
128, Jackson, Martinez, jackson.martinez@example.com, 555-0099, 10505 Pine St
129, Sofia, Gonzalez, sofia.gonzalez@example.com, 555-0100, 10606 Cedar Ln
130, Lucas, Ramirez, lucas.ramirez@example.com, 555-0101, 10707 Birch Blvd
131, Aria, Carter, aria.carter@example.com, 555-0102, 10808 Oak St
132, Daniel, Rivera, daniel.rivera@example.com, 555-0103, 10909 Walnut Dr
133, Isabella, Stewart, isabella.stewart@example.com, 555-0104, 11010 Spruce St
134, Olivia, Turner, olivia.turner@example.com, 555-0105, 11111 Fir Ct
135, Elijah, Foster, elijah.foster@example.com, 555-0106, 11212 Maple Ave
136, Ava, Jenkins, ava.jenkins@example.com, 555-0107, 11313 Pine St
137, Benjamin, Carter, benjamin.carter@example.com, 555-0108, 11414 Cedar Ln
138, Amelia, Young, amelia.young@example.com, 555-0109, 11515 Birch Blvd
139, Charlotte, Ramirez, charlotte.ramirez@example.com, 555-0110, 11616 Oak St
140, Jacob, Lee, jacob.lee@example.com, 555-0111, 11717 Walnut Dr
141, Mia, Mitchell, mia.mitchell@example.com, 555-0112, 11818 Spruce St
142, Samuel, Hughes, samuel.hughes@example.com, 555-0113, 11919 Fir Ct
143, Jackson, Edwards, jackson.edwards@example.com, 555-0114, 12020 Maple Ave
144, Avery, Collins, avery.collins@example.com, 555-0115, 12121 Pine St
145, Lily, Johnson, lily.johnson@example.com, 555-0116, 12222 Cedar Ln
146, Nathan, Hill, nathan.hill@example.com, 555-0117, 12323 Birch Blvd
147, Zoey, Davis, zoey.davis@example.com, 555-0118, 12424 Oak St
148, David, Martinez, david.martinez@example.com, 555-0119, 12525 Walnut Dr
149, Stella, Brown, stella.brown@example.com, 555-0120, 12626 Spruce St
150, Mia, Thompson, mia.thompson@example.com, 555-0121, 12727 Fir Ct
151, Elijah, White, elijah.white@example.com, 555-0122, 12828 Maple Ave
152, Daniel, King, daniel.king@example.com, 555-0123, 12929 Pine St
153, Ella, Lee, ella.lee@example.com, 555-0124, 13030 Cedar Ln
154, Alexander, Martinez, alexander.martinez@example.com, 555-0125, 13131 Birch Blvd
155, Charlotte, Smith, charlotte.smith@example.com, 555-0126, 13232 Oak St
156, Jackson, Johnson, jackson.johnson@example.com, 555-0127, 13333 Walnut Dr
157, Natalie, Perez, natalie.perez@example.com, 555-0128, 13434 Spruce St
158, Ryan, Clark, ryan.clark@example.com, 555-0129, 13535 Fir Ct
159, Ava, Thompson, ava.thompson@example.com, 555-0130, 13636 Maple Ave
160, Isabella, Edwards, isabella.edwards@example.com, 555-0131, 13737 Pine St
161, Ella, Scott, ella.scott@example.com, 555-0132, 13838 Cedar Ln
162, Elijah, Green, elijah.green@example.com, 555-0133, 13939 Birch Blvd
163, Oliver, Allen, oliver.allen@example.com, 555-0134, 14040 Oak St
164, Sophia, Young, sophia.young@example.com, 555-0135, 14141 Walnut Dr
165, William, Anderson, william.anderson@example.com, 555-0136, 14242 Spruce St
166, Lucas, Brown, lucas.brown@example.com, 555-0137, 14343 Fir Ct
167, Hannah, Robinson, hannah.robinson@example.com, 555-0138, 14444 Maple Ave
168, Elijah, Harris, elijah.harris@example.com, 555-0139, 14545 Pine St
169, Isabella, Davis, isabella.davis@example.com, 555-0140, 14646 Cedar Ln
170, Chloe, Lee, chloe.lee@example.com, 555-0141, 14747 Birch Blvd
171, Henry, Garcia, henry.garcia@example.com, 555-0142, 14848 Oak St
172, Elizabeth, Lewis, elizabeth.lewis@example.com, 555-0143, 14949 Walnut Dr
173, Liam, Young, liam.young@example.com, 555-0144, 15050 Spruce St
174, Charlotte, Smith, charlotte.smith@example.com, 555-0145, 15151 Fir Ct
175, Benjamin, Gonzalez, benjamin.gonzalez@example.com, 555-0146, 15252 Maple Ave
176, Grace, Baker, grace.baker@example.com, 555-0147, 15353 Pine St
177, Sophia, Nelson, sophia.nelson@example.com, 555-0148, 15454 Cedar Ln
178, Logan, Lee, logan.lee@example.com, 555-0149, 15555 Birch Blvd
179, Mia, Clark, mia.clark@example.com, 555-0150, 15656 Oak St
180, Elijah, Ramirez, elijah.ramirez@example.com, 555-0151, 15757 Walnut Dr
181, Mia, Perez, mia.perez@example.com, 555-0152, 15858 Spruce St
182, Elijah, Martinez, elijah.martinez@example.com, 555-0153, 15959 Fir Ct
183, Sophia, Green, sophia.green@example.com, 555-0154, 16060 Maple Ave
184, Liam, Johnson, liam.johnson@example.com, 555-0155, 16161 Pine St
185, Henry, White, henry.white@example.com, 555-0156, 16262 Cedar Ln
186, Emma, Garcia, emma.garcia@example.com, 555-0157, 16363 Birch Blvd
187, Lucas, Brown, lucas.brown@example.com, 555-0158, 16464 Oak St
188, Ella, Davis, ella.davis@example.com, 555-0159, 16565 Walnut Dr
189, David, Martinez, david.martinez@example.com, 555-0160, 16666 Spruce St
190, Sophia, Thompson, sophia.thompson@example.com, 555-0161, 16767 Fir Ct
191, Henry, Allen, henry.allen@example.com, 555-0162, 16868 Maple Ave
192, Mia, Lopez, mia.lopez@example.com, 555-0163, 16969 Pine St
193, Samuel, Harris, samuel.harris@example.com, 555-0164, 17070 Cedar Ln
194, Olivia, Young, olivia.young@example.com, 555-0165, 17171 Birch Blvd
195, Wyatt, Wilson, wyatt.wilson@example.com, 555-0166, 17272 Oak St
196, Aria, Edwards, aria.edwards@example.com, 555-0167, 17373 Walnut Dr
197, Ava, Martinez, ava.martinez@example.com, 555-0168, 17474 Spruce St
198, Daniel, Johnson, daniel.johnson@example.com, 555-0169, 17575 Fir Ct
199, Aiden, Lee, aiden.lee@example.com, 555-0170, 17676 Maple Ave
200, Ella, Brown, ella.brown@example.com, 555-0171, 17777 Pine St
201, , Doe, invalid.email.com, 555-2222, 456 Elm St
202, John, , john@example.com, 555-0000, 
203, Mary, Johnson, , 555-3333, 789 Maple Ave
204, Emily, Brown, emily.brown@example.com, 555-4444, NULL
205, David, Smith, david.smith@example.com, 555-5555, 101 Oak St
206, NULL, Taylor, jane.taylor@example.com, 555-6666, 303 Cedar Ln
207, Chris, Lee, chris.lee@invalid, 555-7777, 404 Birch Blvd
208, Kate, Davis, kate.davis@example.com, , 505 Walnut Dr
209, James, Wilson, james.wilson@example.com, 555-9999, 606 Spruce St
210, Lisa, Smith, lisa.smith@example.com, 555-0000, 707 Fir Ct
211, NULL, NULL, invalid.email.com, 555-2222, 456 Elm St
212, Sarah, null, sarah@example.com, 555-3333, 789 Maple Ave
213, NULL, Johnson, invalid.email@com, 555-4444, 101 Oak St
214, Jane, Smith, , , 303 Cedar Ln
215, Robert, NULL, robert@example.com, 555-7777, NULL
